vendor,productName,model,description,productURL,cost
troemner,Weight Set OIML (2)200g-1g CLE2 Accrd TR,80780388,(2)200g-1g Certified Calibration Weight Set OIML Class E2 with an Accredited Certificate,https://www.troemner.com/Calibration-Weights/Balance-Calibration-Weights/OIML-Calibration-Weight-Sets/Weight-Set-OIML-%282%29200g-1g-CLE2-Accrd-TR/p/80780388,"Your Price: $3,150.00"
troemner,Weight Set OIML (2)200g-1g CLF1 Accrd TR,80780442,(2)200g-1g Certified Calibration Weight Set OIML Class F1 with an Accredited Certificate,https://www.troemner.com/Calibration-Weights/Balance-Calibration-Weights/OIML-Calibration-Weight-Sets/Weight-Set-OIML-%282%29200g-1g-CLF1-Accrd-TR/p/80780442,"Your Price: $2,225.00"
troemner,Weight Set OIML (2)200g-1g CLF2 Accrd TR,30390035,(2)200g-1g Certified Calibration Weight Set OIML Class F2 with an Accredited Certificate,https://www.troemner.com/Calibration-Weights/Balance-Calibration-Weights/OIML-Calibration-Weight-Sets/Weight-Set-OIML-%282%29200g-1g-CLF2-Accrd-TR/p/30390035,"Your Price: $2,110.00"
troemner,Weight Set OIML (2)200g-1mg CLE1 Acrd TR,30390040,(2)200g-1mg Certified Calibration Weight Set OIML Class E1 with an Accredited Certificate,https://www.troemner.com/Calibration-Weights/Balance-Calibration-Weights/OIML-Calibration-Weight-Sets/Weight-Set-OIML-%282%29200g-1mg-CLE1-Acrd-TR/p/30390040,"Your Price: $7,870.00"
troemner,Weight Set OIML (2)200g-1mg CLE2 Acrd TR,80780387,(2)200g-1mg Certified Calibration Weight Set OIML Class E2 with an Accredited Certificate,https://www.troemner.com/Calibration-Weights/Balance-Calibration-Weights/OIML-Calibration-Weight-Sets/Weight-Set-OIML-%282%29200g-1mg-CLE2-Acrd-TR/p/80780387,"Your Price: $3,850.00"
troemner,Weight Set OIML (2)200g-1mg CLF1 Acrd TR,80780441,(2)200g-1mg Certified Calibration Weight Set OIML Class F1 with an Accredited Certificate,https://www.troemner.com/Calibration-Weights/Balance-Calibration-Weights/OIML-Calibration-Weight-Sets/Weight-Set-OIML-%282%29200g-1mg-CLF1-Acrd-TR/p/80780441,"Your Price: $3,660.00"
troemner,Weight Set OIML (2)200g-1mg CLF2 Acrd TR,30390036,(2)200g-1mg Certified Calibration Weight Set OIML Class F2 with an Accredited Certificate,https://www.troemner.com/Calibration-Weights/Balance-Calibration-Weights/OIML-Calibration-Weight-Sets/Weight-Set-OIML-%282%29200g-1mg-CLF2-Acrd-TR/p/30390036,"Your Price: $3,605.00"
troemner,Weight Set OIML (2)2kg-1g CLE1 Accrd TR,30390037,(2)2kg-1g Certified Calibration Weight Set OIML Class E1 with an Accredited Certificate,https://www.troemner.com/Calibration-Weights/Balance-Calibration-Weights/OIML-Calibration-Weight-Sets/Weight-Set-OIML-%282%292kg-1g-CLE1-Accrd-TR/p/30390037,"Your Price: $11,720.00"
troemner,Weight Set OIML (2)2kg-1g CLE2 Accrd TR,80780396,(2)2kg-1g Certified Calibration Weight Set OIML Class E2 with an Accredited Certificate,https://www.troemner.com/Calibration-Weights/Balance-Calibration-Weights/OIML-Calibration-Weight-Sets/Weight-Set-OIML-%282%292kg-1g-CLE2-Accrd-TR/p/80780396,"Your Price: $6,400.00"
troemner,Weight Set OIML (2)2kg-1g CLF1 Accrd TR,80780450,(2)2kg-1g Certified Calibration Weight Set OIML Class F1 with an Accredited Certificate,https://www.troemner.com/Calibration-Weights/Balance-Calibration-Weights/OIML-Calibration-Weight-Sets/Weight-Set-OIML-%282%292kg-1g-CLF1-Accrd-TR/p/80780450,"Your Price: $5,990.00"
troemner,Weight Set OIML (2)2kg-1g CLF1 NoCert TR,80780423,(2)2kg-1g Calibration Weight Set OIML Class F1 without a Certificate,https://www.troemner.com/Calibration-Weights/Balance-Calibration-Weights/OIML-Calibration-Weight-Sets/Weight-Set-OIML-%282%292kg-1g-CLF1-NoCert-TR/p/80780423,"Your Price: $4,630.00"
troemner,Weight Set OIML (2)2kg-1g CLF2 Accrd TR,30390033,(2)2kg-1g Certified Calibration Weight Set OIML Class F2 with an Accredited Certificate,https://www.troemner.com/Calibration-Weights/Balance-Calibration-Weights/OIML-Calibration-Weight-Sets/Weight-Set-OIML-%282%292kg-1g-CLF2-Accrd-TR/p/30390033,"Your Price: $5,820.00"
troemner,Weight Set OIML (2)2kg-1g CLF2 NoCert TR,30390029,(2)2kg-1g Calibration Weight Set OIML Class F2 without a Certificate,https://www.troemner.com/Calibration-Weights/Balance-Calibration-Weights/OIML-Calibration-Weight-Sets/Weight-Set-OIML-%282%292kg-1g-CLF2-NoCert-TR/p/30390029,"Your Price: $4,390.00"
troemner,Weight Set OIML (2)2kg-1mg CLE1 Accrd TR,30390038,(2)2kg-1mg Certified Calibration Weight Set OIML Class E1 with an Accredited Certificate,https://www.troemner.com/Calibration-Weights/Balance-Calibration-Weights/OIML-Calibration-Weight-Sets/Weight-Set-OIML-%282%292kg-1mg-CLE1-Accrd-TR/p/30390038,"Your Price: $13,990.00"
troemner,Weight Set OIML (2)2kg-1mg CLE2 Accrd TR,80780395,(2)2kg-1mg Certified Calibration Weight Set OIML Class E2 with an Accredited Certificate,https://www.troemner.com/Calibration-Weights/Balance-Calibration-Weights/OIML-Calibration-Weight-Sets/Weight-Set-OIML-%282%292kg-1mg-CLE2-Accrd-TR/p/80780395,"Your Price: $7,085.00"
troemner,Weight Set OIML (2)2kg-1mg CLF1 Accrd TR,80780449,(2)2kg-1mg Certified Calibration Weight Set OIML Class F1 with an Accredited Certificate,https://www.troemner.com/Calibration-Weights/Balance-Calibration-Weights/OIML-Calibration-Weight-Sets/Weight-Set-OIML-%282%292kg-1mg-CLF1-Accrd-TR/p/80780449,"Your Price: $6,750.00"
troemner,Weight Set OIML (2)2kg-1mg CLF2 Accrd TR,30390034,(2)2kg-1mg Certified Calibration Weight Set OIML Class F2 with an Accredited Certificate,https://www.troemner.com/Calibration-Weights/Balance-Calibration-Weights/OIML-Calibration-Weight-Sets/Weight-Set-OIML-%282%292kg-1mg-CLF2-Accrd-TR/p/30390034,"Your Price: $6,415.00"
troemner,Weight Set OIML 100g-1g CLE1 Accrd TR,30390921,100g-1g Certified Calibration Weight Set OIML Class E1 with an Accredited Certificate,https://www.troemner.com/Calibration-Weights/Balance-Calibration-Weights/OIML-Calibration-Weight-Sets/Weight-Set-OIML-100g-1g-CLE1-Accrd-TR/p/30390921,"Your Price: $5,425.00"
troemner,Weight Set OIML 100g-1g CLE2 Accrd TR,80780386,100g-1g Certified Calibration Weight Set OIML Class E2 with an Accredited Certificate,https://www.troemner.com/Calibration-Weights/Balance-Calibration-Weights/OIML-Calibration-Weight-Sets/Weight-Set-OIML-100g-1g-CLE2-Accrd-TR/p/80780386,"Your Price: $1,795.00"
troemner,Weight Set OIML 100g-1g CLF1 Accrd TR,80780440,100g-1g Certified Calibration Weight Set OIML Class F1 with an Accredited Certificate,https://www.troemner.com/Calibration-Weights/Balance-Calibration-Weights/OIML-Calibration-Weight-Sets/Weight-Set-OIML-100g-1g-CLF1-Accrd-TR/p/80780440,"Your Price: $1,520.00"
troemner,Weight Set OIML 100g-1g CLF1 No Cert TR,80780413,100g-1g Calibration Weight Set OIML Class F1 without a Certificate,https://www.troemner.com/Calibration-Weights/Balance-Calibration-Weights/OIML-Calibration-Weight-Sets/Weight-Set-OIML-100g-1g-CLF1-No-Cert-TR/p/80780413,"Your Price: $1,015.00"
troemner,Weight Set OIML 100g-1g CLF2 Accrd TR,30390847,100g-1g Certified Calibration Weight Set OIML Class F2 with an Accredited Certificate,https://www.troemner.com/Calibration-Weights/Balance-Calibration-Weights/OIML-Calibration-Weight-Sets/Weight-Set-OIML-100g-1g-CLF2-Accrd-TR/p/30390847,"Your Price: $1,475.00"
troemner,Weight Set OIML 100g-1g CLF2 No Cert TR,30390824,100g-1g Calibration Weight Set OIML Class F2 without a Certificate,https://www.troemner.com/Calibration-Weights/Balance-Calibration-Weights/OIML-Calibration-Weight-Sets/Weight-Set-OIML-100g-1g-CLF2-No-Cert-TR/p/30390824,Your Price: $970.00
troemner,Weight Set OIML 100g-1mg CLE1 Accrd TR,30390922,100g-1mg Certified Calibration Weight Set OIML Class E1 with an Accredited Certificate,https://www.troemner.com/Calibration-Weights/Balance-Calibration-Weights/OIML-Calibration-Weight-Sets/Weight-Set-OIML-100g-1mg-CLE1-Accrd-TR/p/30390922,"Your Price: $7,345.00"
troemner,Weight Set OIML 100g-1mg CLE2 Accrd TR,80780385,100g-1mg Certified Calibration Weight Set OIML Class E2 with an Accredited Certificate,https://www.troemner.com/Calibration-Weights/Balance-Calibration-Weights/OIML-Calibration-Weight-Sets/Weight-Set-OIML-100g-1mg-CLE2-Accrd-TR/p/80780385,"Your Price: $2,960.00"
troemner,Weight Set OIML 100g-1mg CLF1 Accrd TR,80780439,100g-1mg Certified Calibration Weight Set OIML Class F1 with an Accredited Certificate,https://www.troemner.com/Calibration-Weights/Balance-Calibration-Weights/OIML-Calibration-Weight-Sets/Weight-Set-OIML-100g-1mg-CLF1-Accrd-TR/p/80780439,"Your Price: $2,715.00"
troemner,Weight Set OIML 100g-1mg CLF1 No Cert TR,80780412,100g-1mg Calibration Weight Set OIML Class F1 without a Certificate,https://www.troemner.com/Calibration-Weights/Balance-Calibration-Weights/OIML-Calibration-Weight-Sets/Weight-Set-OIML-100g-1mg-CLF1-No-Cert-TR/p/80780412,"Your Price: $1,540.00"
troemner,Weight Set OIML 100g-1mg CLF2 Accrd TR,30390848,100g-1mg Certified Calibration Weight Set OIML Class F2 with an Accredited Certificate,https://www.troemner.com/Calibration-Weights/Balance-Calibration-Weights/OIML-Calibration-Weight-Sets/Weight-Set-OIML-100g-1mg-CLF2-Accrd-TR/p/30390848,"Your Price: $2,390.00"
troemner,Weight Set OIML 100g-1mg CLF2 No Cert TR,30390825,100g-1mg Calibration Weight Set OIML Class F2 without a Certificate,https://www.troemner.com/Calibration-Weights/Balance-Calibration-Weights/OIML-Calibration-Weight-Sets/Weight-Set-OIML-100g-1mg-CLF2-No-Cert-TR/p/30390825,"Your Price: $1,215.00"
troemner,Weight Set OIML 10kg-1g CLE1 Accrd TR,30390908,10kg-1g Certified Calibration Weight Set OIML Class E1 with an Accredited Certificate,https://www.troemner.com/Calibration-Weights/Balance-Calibration-Weights/OIML-Calibration-Weight-Sets/Weight-Set-OIML-10kg-1g-CLE1-Accrd-TR/p/30390908,"Your Price: $20,980.00"
troemner,Weight Set OIML 10kg-1g CLE2 Accrd TR,80780403,10kg-1g Certified Calibration Weight Set OIML Class E2 with an Accredited Certificate,https://www.troemner.com/Calibration-Weights/Balance-Calibration-Weights/OIML-Calibration-Weight-Sets/Weight-Set-OIML-10kg-1g-CLE2-Accrd-TR/p/80780403,"Your Price: $11,720.00"
troemner,Weight Set OIML 10kg-1g CLF1 Accrd TR,80780457,10kg-1g Certified Calibration Weight Set OIML Class F1 with an Accredited Certificate,https://www.troemner.com/Calibration-Weights/Balance-Calibration-Weights/OIML-Calibration-Weight-Sets/Weight-Set-OIML-10kg-1g-CLF1-Accrd-TR/p/80780457,"Your Price: $11,200.00"
troemner,Weight Set OIML 10kg-1g CLF1 No Cert TR,80780430,10kg-1g Calibration Weight Set OIML Class F1 without a Certificate,https://www.troemner.com/Calibration-Weights/Balance-Calibration-Weights/OIML-Calibration-Weight-Sets/Weight-Set-OIML-10kg-1g-CLF1-No-Cert-TR/p/80780430,"Your Price: $9,530.00"
troemner,Weight Set OIML 10kg-1g CLF2 Accrd TR,30390834,10kg-1g Certified Calibration Weight Set OIML Class F2 with an Accredited Certificate,https://www.troemner.com/Calibration-Weights/Balance-Calibration-Weights/OIML-Calibration-Weight-Sets/Weight-Set-OIML-10kg-1g-CLF2-Accrd-TR/p/30390834,"Your Price: $10,160.00"
troemner,Weight Set OIML 10kg-1g CLF2 No Cert TR,30390811,10kg-1g Calibration Weight Set OIML Class F2 without a Certificate,https://www.troemner.com/Calibration-Weights/Balance-Calibration-Weights/OIML-Calibration-Weight-Sets/Weight-Set-OIML-10kg-1g-CLF2-No-Cert-TR/p/30390811,"Your Price: $8,485.00"
troemner,Weight Set OIML 10kg-1mg CLE1 Accrd TR,30390909,10kg-1mg Certified Calibration Weight Set OIML Class E1 with an Accredited Certificate,https://www.troemner.com/Calibration-Weights/Balance-Calibration-Weights/OIML-Calibration-Weight-Sets/Weight-Set-OIML-10kg-1mg-CLE1-Accrd-TR/p/30390909,"Your Price: $21,680.00"
troemner,Weight Set OIML 10kg-1mg CLE2 Accrd TR,80780402,10kg-1mg Certified Calibration Weight Set OIML Class E2 with an Accredited Certificate,https://www.troemner.com/Calibration-Weights/Balance-Calibration-Weights/OIML-Calibration-Weight-Sets/Weight-Set-OIML-10kg-1mg-CLE2-Accrd-TR/p/80780402,"Your Price: $12,070.00"
troemner,Weight Set OIML 10kg-1mg CLF1 Accrd TR,80780456,10kg-1mg Certified Calibration Weight Set OIML Class F1 with an Accredited Certificate,https://www.troemner.com/Calibration-Weights/Balance-Calibration-Weights/OIML-Calibration-Weight-Sets/Weight-Set-OIML-10kg-1mg-CLF1-Accrd-TR/p/80780456,"Your Price: $11,990.00"
troemner,Weight Set OIML 10kg-1mg CLF1 No Cert TR,80780429,10kg-1mg Calibration Weight Set OIML Class F1 without a Certificate,https://www.troemner.com/Calibration-Weights/Balance-Calibration-Weights/OIML-Calibration-Weight-Sets/Weight-Set-OIML-10kg-1mg-CLF1-No-Cert-TR/p/80780429,"Your Price: $9,860.00"
troemner,Weight Set OIML 10kg-1mg CLF2 Accrd TR,30390835,10kg-1mg Certified Calibration Weight Set OIML Class F2 with an Accredited Certificate,https://www.troemner.com/Calibration-Weights/Balance-Calibration-Weights/OIML-Calibration-Weight-Sets/Weight-Set-OIML-10kg-1mg-CLF2-Accrd-TR/p/30390835,"Your Price: $10,890.00"
troemner,Weight Set OIML 10kg-1mg CLF2 No Cert TR,30390812,10kg-1mg Calibration Weight Set OIML Class F2 without a Certificate,https://www.troemner.com/Calibration-Weights/Balance-Calibration-Weights/OIML-Calibration-Weight-Sets/Weight-Set-OIML-10kg-1mg-CLF2-No-Cert-TR/p/30390812,"Your Price: $8,765.00"
troemner,Weight Set OIML 1kg-1g CLE1 Accrd TR,30390915,1kg-1g Certified Calibration Weight Set OIML Class E1 with an Accredited Certificate,https://www.troemner.com/Calibration-Weights/Balance-Calibration-Weights/OIML-Calibration-Weight-Sets/Weight-Set-OIML-1kg-1g-CLE1-Accrd-TR/p/30390915,"Your Price: $8,220.00"
troemner,Weight Set OIML 1kg-1g CLE2 Accrd TR,80780394,1kg-1g Certified Calibration Weight Set OIML Class E2 with an Accredited Certificate,https://www.troemner.com/Calibration-Weights/Balance-Calibration-Weights/OIML-Calibration-Weight-Sets/Weight-Set-OIML-1kg-1g-CLE2-Accrd-TR/p/80780394,"Your Price: $5,065.00"
troemner,Weight Set OIML 1kg-1g CLF1 Accrd TR,80780448,1kg-1g Certified Calibration Weight Set OIML Class F1 with an Accredited Certificate,https://www.troemner.com/Calibration-Weights/Balance-Calibration-Weights/OIML-Calibration-Weight-Sets/Weight-Set-OIML-1kg-1g-CLF1-Accrd-TR/p/80780448,"Your Price: $4,760.00"
troemner,Weight Set OIML 1kg-1g CLF1 No Cert TR,80780421,1kg-1g Calibration Weight Set OIML Class F1 without a Certificate,https://www.troemner.com/Calibration-Weights/Balance-Calibration-Weights/OIML-Calibration-Weight-Sets/Weight-Set-OIML-1kg-1g-CLF1-No-Cert-TR/p/80780421,"Your Price: $3,450.00"
troemner,Weight Set OIML 1kg-1g CLF2 Accrd TR,30390841,1kg-1g Certified Calibration Weight Set OIML Class F2 with an Accredited Certificate,https://www.troemner.com/Calibration-Weights/Balance-Calibration-Weights/OIML-Calibration-Weight-Sets/Weight-Set-OIML-1kg-1g-CLF2-Accrd-TR/p/30390841,"Your Price: $4,455.00"
troemner,Weight Set OIML 1kg-1g CLF2 No Cert TR,30390818,1kg-1g Calibration Weight Set OIML Class F2 without a Certificate,https://www.troemner.com/Calibration-Weights/Balance-Calibration-Weights/OIML-Calibration-Weight-Sets/Weight-Set-OIML-1kg-1g-CLF2-No-Cert-TR/p/30390818,"Your Price: $3,420.00"
troemner,Weight Set OIML 1kg-1mg CLE1 Accrd TR,30390916,1kg-1mg Certified Calibration Weight Set OIML Class E1 with an Accredited Certificate,https://www.troemner.com/Calibration-Weights/Balance-Calibration-Weights/OIML-Calibration-Weight-Sets/Weight-Set-OIML-1kg-1mg-CLE1-Accrd-TR/p/30390916,"Your Price: $10,320.00"
troemner,Weight Set OIML 1kg-1mg CLE2 Accrd TR,80780393,1kg-1mg Certified Calibration Weight Set OIML Class E2 with an Accredited Certificate,https://www.troemner.com/Calibration-Weights/Balance-Calibration-Weights/OIML-Calibration-Weight-Sets/Weight-Set-OIML-1kg-1mg-CLE2-Accrd-TR/p/80780393,"Your Price: $6,605.00"
troemner,Weight Set OIML 1kg-1mg CLF1 Accrd TR,80780447,1kg-1mg Certified Calibration Weight Set OIML Class F1 with an Accredited Certificate,https://www.troemner.com/Calibration-Weights/Balance-Calibration-Weights/OIML-Calibration-Weight-Sets/Weight-Set-OIML-1kg-1mg-CLF1-Accrd-TR/p/80780447,"Your Price: $5,955.00"
troemner,Weight Set OIML 1kg-1mg CLF1 No Cert TR,80780420,1kg-1mg Calibration Weight Set OIML Class F1 without a Certificate,https://www.troemner.com/Calibration-Weights/Balance-Calibration-Weights/OIML-Calibration-Weight-Sets/Weight-Set-OIML-1kg-1mg-CLF1-No-Cert-TR/p/80780420,"Your Price: $3,720.00"
troemner,Weight Set OIML 1kg-1mg CLF2 Accrd TR,30390842,1kg-1mg Certified Calibration Weight Set OIML Class F2 with an Accredited Certificate,https://www.troemner.com/Calibration-Weights/Balance-Calibration-Weights/OIML-Calibration-Weight-Sets/Weight-Set-OIML-1kg-1mg-CLF2-Accrd-TR/p/30390842,"Your Price: $5,305.00"
troemner,Weight Set OIML 1kg-1mg CLF2 No Cert TR,30390819,1kg-1mg Calibration Weight Set OIML Class F2 without a Certificate,https://www.troemner.com/Calibration-Weights/Balance-Calibration-Weights/OIML-Calibration-Weight-Sets/Weight-Set-OIML-1kg-1mg-CLF2-No-Cert-TR/p/30390819,"Your Price: $3,590.00"
troemner,Weight Set OIML 200g-1g CLE1 Accrd TR,30390919,200g-1g Certified Calibration Weight Set OIML Class E1 with an Accredited Certificate,https://www.troemner.com/Calibration-Weights/Balance-Calibration-Weights/OIML-Calibration-Weight-Sets/Weight-Set-OIML-200g-1g-CLE1-Accrd-TR/p/30390919,"Your Price: $5,950.00"
troemner,Weight Set OIML 200g-1g CLE2 Accrd TR,80780390,200g-1g Certified Calibration Weight Set OIML Class E2 with an Accredited Certificate,https://www.troemner.com/Calibration-Weights/Balance-Calibration-Weights/OIML-Calibration-Weight-Sets/Weight-Set-OIML-200g-1g-CLE2-Accrd-TR/p/80780390,"Your Price: $2,275.00"
troemner,Weight Set OIML 200g-1g CLF1 Accrd TR,80780444,200g-1g Certified Calibration Weight Set OIML Class F1 with an Accredited Certificate,https://www.troemner.com/Calibration-Weights/Balance-Calibration-Weights/OIML-Calibration-Weight-Sets/Weight-Set-OIML-200g-1g-CLF1-Accrd-TR/p/80780444,"Your Price: $2,140.00"
troemner,Weight Set OIML 200g-1g CLF1 No Cert TR,80780417,200g-1g Calibration Weight Set OIML Class F1 without a Certificate,https://www.troemner.com/Calibration-Weights/Balance-Calibration-Weights/OIML-Calibration-Weight-Sets/Weight-Set-OIML-200g-1g-CLF1-No-Cert-TR/p/80780417,"Your Price: $1,375.00"
troemner,Weight Set OIML 200g-1g CLF2 Accrd TR,30390845,200g-1g Certified Calibration Weight Set OIML Class F2 with an Accredited Certificate,https://www.troemner.com/Calibration-Weights/Balance-Calibration-Weights/OIML-Calibration-Weight-Sets/Weight-Set-OIML-200g-1g-CLF2-Accrd-TR/p/30390845,"Your Price: $1,965.00"
troemner,Weight Set OIML 200g-1g CLF2 No Cert TR,30390822,200g-1g Calibration Weight Set OIML Class F2 without a Certificate,https://www.troemner.com/Calibration-Weights/Balance-Calibration-Weights/OIML-Calibration-Weight-Sets/Weight-Set-OIML-200g-1g-CLF2-No-Cert-TR/p/30390822,"Your Price: $1,345.00"
troemner,Weight Set OIML 200g-1mg CLE1 Accrd TR,30390920,200g-1mg Certified Calibration Weight Set OIML Class E1 with an Accredited Certificate,https://www.troemner.com/Calibration-Weights/Balance-Calibration-Weights/OIML-Calibration-Weight-Sets/Weight-Set-OIML-200g-1mg-CLE1-Accrd-TR/p/30390920,"Your Price: $7,575.00"
troemner,Weight Set OIML 200g-1mg CLE2 Accrd TR,80780389,200g-1mg Certified Calibration Weight Set OIML Class E2 with an Accredited Certificate,https://www.troemner.com/Calibration-Weights/Balance-Calibration-Weights/OIML-Calibration-Weight-Sets/Weight-Set-OIML-200g-1mg-CLE2-Accrd-TR/p/80780389,"Your Price: $3,990.00"
troemner,Weight Set OIML 200g-1mg CLF1 Accrd TR,80780443,200g-1mg Certified Calibration Weight Set OIML Class F1 with an Accredited Certificate,https://www.troemner.com/Calibration-Weights/Balance-Calibration-Weights/OIML-Calibration-Weight-Sets/Weight-Set-OIML-200g-1mg-CLF1-Accrd-TR/p/80780443,"Your Price: $3,715.00"
troemner,Weight Set OIML 200g-1mg CLF1 No Cert TR,80780416,200g-1mg Calibration Weight Set OIML Class F1 without a Certificate,https://www.troemner.com/Calibration-Weights/Balance-Calibration-Weights/OIML-Calibration-Weight-Sets/Weight-Set-OIML-200g-1mg-CLF1-No-Cert-TR/p/80780416,"Your Price: $2,160.00"
troemner,Weight Set OIML 200g-1mg CLF2 Accrd TR,30390846,200g-1mg Certified Calibration Weight Set OIML Class F2 with an Accredited Certificate,https://www.troemner.com/Calibration-Weights/Balance-Calibration-Weights/OIML-Calibration-Weight-Sets/Weight-Set-OIML-200g-1mg-CLF2-Accrd-TR/p/30390846,"Your Price: $3,440.00"
troemner,Weight Set OIML 200g-1mg CLF2 No Cert TR,30390823,200g-1mg Calibration Weight Set OIML Class F2 without a Certificate,https://www.troemner.com/Calibration-Weights/Balance-Calibration-Weights/OIML-Calibration-Weight-Sets/Weight-Set-OIML-200g-1mg-CLF2-No-Cert-TR/p/30390823,"Your Price: $2,125.00"
troemner,Weight Set OIML 20kg-1g CLE1 Accrd TR,30390906,20kg-1g Certified Calibration Weight Set OIML Class E1 with an Accredited Certificate,https://www.troemner.com/Calibration-Weights/Balance-Calibration-Weights/OIML-Calibration-Weight-Sets/Weight-Set-OIML-20kg-1g-CLE1-Accrd-TR/p/30390906,"Your Price: $26,230.00"
troemner,Weight Set OIML 20kg-1g CLE2 Accrd TR,80780405,20kg-1g Certified Calibration Weight Set OIML Class E2 with an Accredited Certificate,https://www.troemner.com/Calibration-Weights/Balance-Calibration-Weights/OIML-Calibration-Weight-Sets/Weight-Set-OIML-20kg-1g-CLE2-Accrd-TR/p/80780405,"Your Price: $15,580.00"
troemner,Weight Set OIML 20kg-1g CLF1 Accrd TR,80780459,20kg-1g Certified Calibration Weight Set OIML Class F1 with an Accredited Certificate,https://www.troemner.com/Calibration-Weights/Balance-Calibration-Weights/OIML-Calibration-Weight-Sets/Weight-Set-OIML-20kg-1g-CLF1-Accrd-TR/p/80780459,"Your Price: $14,330.00"
troemner,Weight Set OIML 20kg-1g CLF1 No Cert TR,80780432,20kg-1g Calibration Weight Set OIML Class F1 without a Certificate,https://www.troemner.com/Calibration-Weights/Balance-Calibration-Weights/OIML-Calibration-Weight-Sets/Weight-Set-OIML-20kg-1g-CLF1-No-Cert-TR/p/80780432,"Your Price: $12,520.00"
troemner,Weight Set OIML 20kg-1g CLF2 Accrd TR,30390832,20kg-1g Certified Calibration Weight Set OIML Class F2 with an Accredited Certificate,https://www.troemner.com/Calibration-Weights/Balance-Calibration-Weights/OIML-Calibration-Weight-Sets/Weight-Set-OIML-20kg-1g-CLF2-Accrd-TR/p/30390832,"Your Price: $12,970.00"
troemner,Weight Set OIML 20kg-1g CLF2 No Cert TR,30390809,20kg-1g Calibration Weight Set OIML Class F2 without a Certificate,https://www.troemner.com/Calibration-Weights/Balance-Calibration-Weights/OIML-Calibration-Weight-Sets/Weight-Set-OIML-20kg-1g-CLF2-No-Cert-TR/p/30390809,"Your Price: $11,150.00"
troemner,Weight Set OIML 20kg-1mg CLE1 Accrd TR,30390907,20kg-1mg Certified Calibration Weight Set OIML Class E1 with an Accredited Certificate,https://www.troemner.com/Calibration-Weights/Balance-Calibration-Weights/OIML-Calibration-Weight-Sets/Weight-Set-OIML-20kg-1mg-CLE1-Accrd-TR/p/30390907,"Your Price: $27,980.00"
troemner,Weight Set OIML 20kg-1mg CLE2 Accrd TR,80780404,20kg-1mg Certified Calibration Weight Set OIML Class E2 with an Accredited Certificate,https://www.troemner.com/Calibration-Weights/Balance-Calibration-Weights/OIML-Calibration-Weight-Sets/Weight-Set-OIML-20kg-1mg-CLE2-Accrd-TR/p/80780404,"Your Price: $16,510.00"
troemner,Weight Set OIML 20kg-1mg CLF1 Accrd TR,80780458,20kg-1mg Certified Calibration Weight Set OIML Class F1 with an Accredited Certificate,https://www.troemner.com/Calibration-Weights/Balance-Calibration-Weights/OIML-Calibration-Weight-Sets/Weight-Set-OIML-20kg-1mg-CLF1-Accrd-TR/p/80780458,"Your Price: $15,260.00"
troemner,Weight Set OIML 20kg-1mg CLF1 No Cert TR,80780431,20kg-1mg Calibration Weight Set OIML Class F1 without a Certificate,https://www.troemner.com/Calibration-Weights/Balance-Calibration-Weights/OIML-Calibration-Weight-Sets/Weight-Set-OIML-20kg-1mg-CLF1-No-Cert-TR/p/80780431,"Your Price: $12,880.00"
troemner,Weight Set OIML 20kg-1mg CLF2 Accrd TR,30390833,20kg-1mg Certified Calibration Weight Set OIML Class F2 with an Accredited Certificate,https://www.troemner.com/Calibration-Weights/Balance-Calibration-Weights/OIML-Calibration-Weight-Sets/Weight-Set-OIML-20kg-1mg-CLF2-Accrd-TR/p/30390833,"Your Price: $13,840.00"
troemner,Weight Set OIML 20kg-1mg CLF2 No Cert TR,30390810,20kg-1mg Calibration Weight Set OIML Class F2 without a Certificate,https://www.troemner.com/Calibration-Weights/Balance-Calibration-Weights/OIML-Calibration-Weight-Sets/Weight-Set-OIML-20kg-1mg-CLF2-No-Cert-TR/p/30390810,"Your Price: $11,460.00"
troemner,Weight Set OIML 2kg-1g CLE1 Accrd TR,30390913,2kg-1g Certified Calibration Weight Set OIML Class E1 with an Accredited Certificate,https://www.troemner.com/Calibration-Weights/Balance-Calibration-Weights/OIML-Calibration-Weight-Sets/Weight-Set-OIML-2kg-1g-CLE1-Accrd-TR/p/30390913,"Your Price: $9,795.00"
troemner,Weight Set OIML 2kg-1g CLE2 Accrd TR,80780398,2kg-1g Certified Calibration Weight Set OIML Class E2 with an Accredited Certificate,https://www.troemner.com/Calibration-Weights/Balance-Calibration-Weights/OIML-Calibration-Weight-Sets/Weight-Set-OIML-2kg-1g-CLE2-Accrd-TR/p/80780398,"Your Price: $5,595.00"
troemner,Weight Set OIML 2kg-1g CLF1 Accrd TR,80780452,2kg-1g Certified Calibration Weight Set OIML Class F1 with an Accredited Certificate,https://www.troemner.com/Calibration-Weights/Balance-Calibration-Weights/OIML-Calibration-Weight-Sets/Weight-Set-OIML-2kg-1g-CLF1-Accrd-TR/p/80780452,"Your Price: $5,105.00"
troemner,Weight Set OIML 2kg-1g CLF1 No Cert TR,80780425,2kg-1g Calibration Weight Set OIML Class F1 without a Certificate,https://www.troemner.com/Calibration-Weights/Balance-Calibration-Weights/OIML-Calibration-Weight-Sets/Weight-Set-OIML-2kg-1g-CLF1-No-Cert-TR/p/80780425,"Your Price: $3,915.00"
troemner,Weight Set OIML 2kg-1g CLF2 Accrd TR,30390839,2kg-1g Certified Calibration Weight Set OIML Class F2 with an Accredited Certificate,https://www.troemner.com/Calibration-Weights/Balance-Calibration-Weights/OIML-Calibration-Weight-Sets/Weight-Set-OIML-2kg-1g-CLF2-Accrd-TR/p/30390839,"Your Price: $5,060.00"
troemner,Weight Set OIML 2kg-1g CLF2 No Cert TR,30390816,2kg-1g Calibration Weight Set OIML Class F2 without a Certificate,https://www.troemner.com/Calibration-Weights/Balance-Calibration-Weights/OIML-Calibration-Weight-Sets/Weight-Set-OIML-2kg-1g-CLF2-No-Cert-TR/p/30390816,"Your Price: $3,875.00"
troemner,Weight Set OIML 2kg-1mg CLE1 Accrd TR,30390914,2kg-1mg Certified Calibration Weight Set OIML Class E1 with an Accredited Certificate,https://www.troemner.com/Calibration-Weights/Balance-Calibration-Weights/OIML-Calibration-Weight-Sets/Weight-Set-OIML-2kg-1mg-CLE1-Accrd-TR/p/30390914,"Your Price: $12,460.00"
troemner,Weight Set OIML 2kg-1mg CLE2 Accrd TR,80780397,2kg-1mg Certified Calibration Weight Set OIML Class E2 with an Accredited Certificate,https://www.troemner.com/Calibration-Weights/Balance-Calibration-Weights/OIML-Calibration-Weight-Sets/Weight-Set-OIML-2kg-1mg-CLE2-Accrd-TR/p/80780397,"Your Price: $6,820.00"
troemner,Weight Set OIML 2kg-1mg CLF1 Accrd TR,80780451,2kg-1mg Certified Calibration Weight Set OIML Class F1 with an Accredited Certificate,https://www.troemner.com/Calibration-Weights/Balance-Calibration-Weights/OIML-Calibration-Weight-Sets/Weight-Set-OIML-2kg-1mg-CLF1-Accrd-TR/p/80780451,"Your Price: $6,535.00"
troemner,Weight Set OIML 2kg-1mg CLF1 No Cert TR,80780424,2kg-1mg Calibration Weight Set OIML Class F1 without a Certificate,https://www.troemner.com/Calibration-Weights/Balance-Calibration-Weights/OIML-Calibration-Weight-Sets/Weight-Set-OIML-2kg-1mg-CLF1-No-Cert-TR/p/80780424,"Your Price: $5,060.00"
troemner,Weight Set OIML 2kg-1mg CLF2 Accrd TR,30390840,2kg-1mg Certified Calibration Weight Set OIML Class F2 with an Accredited Certificate,https://www.troemner.com/Calibration-Weights/Balance-Calibration-Weights/OIML-Calibration-Weight-Sets/Weight-Set-OIML-2kg-1mg-CLF2-Accrd-TR/p/30390840,"Your Price: $6,245.00"
troemner,Weight Set OIML 2kg-1mg CLF2 No Cert TR,30390817,2kg-1mg Calibration Weight Set OIML Class F2 without a Certificate,https://www.troemner.com/Calibration-Weights/Balance-Calibration-Weights/OIML-Calibration-Weight-Sets/Weight-Set-OIML-2kg-1mg-CLF2-No-Cert-TR/p/30390817,"Your Price: $4,390.00"
troemner,Weight Set OIML 2x200g-1g CLE1 Acrd TR,30390039,(2)200g-1g Certified Calibration Weight Set OIML Class E1 with an Accredited Certificate,https://www.troemner.com/Calibration-Weights/Balance-Calibration-Weights/OIML-Calibration-Weight-Sets/Weight-Set-OIML-2x200g-1g-CLE1-Acrd-TR/p/30390039,"Your Price: $6,470.00"
troemner,Weight Set OIML 500g-1g CLE1 Accrd TR,30390917,500g-1g Certified Calibration Weight Set OIML Class E1 with an Accredited Certificate,https://www.troemner.com/Calibration-Weights/Balance-Calibration-Weights/OIML-Calibration-Weight-Sets/Weight-Set-OIML-500g-1g-CLE1-Accrd-TR/p/30390917,"Your Price: $6,995.00"
troemner,Weight Set OIML 500g-1g CLE2 Accrd TR,80780392,500g-1g Certified Calibration Weight Set OIML Class E2 with an Accredited Certificate,https://www.troemner.com/Calibration-Weights/Balance-Calibration-Weights/OIML-Calibration-Weight-Sets/Weight-Set-OIML-500g-1g-CLE2-Accrd-TR/p/80780392,"Your Price: $3,500.00"
troemner,Weight Set OIML 500g-1g CLF1 Accrd TR,80780446,500g-1g Certified Calibration Weight Set OIML Class F1 with an Accredited Certificate,https://www.troemner.com/Calibration-Weights/Balance-Calibration-Weights/OIML-Calibration-Weight-Sets/Weight-Set-OIML-500g-1g-CLF1-Accrd-TR/p/80780446,"Your Price: $2,855.00"
troemner,Weight Set OIML 500g-1g CLF1 No Cert TR,80780419,500g-1g Calibration Weight Set OIML Class F1 without a Certificate,https://www.troemner.com/Calibration-Weights/Balance-Calibration-Weights/OIML-Calibration-Weight-Sets/Weight-Set-OIML-500g-1g-CLF1-No-Cert-TR/p/80780419,"Your Price: $1,950.00"
troemner,Weight Set OIML 500g-1g CLF2 Accrd TR,30390843,500g-1g Certified Calibration Weight Set OIML Class F2 with an Accredited Certificate,https://www.troemner.com/Calibration-Weights/Balance-Calibration-Weights/OIML-Calibration-Weight-Sets/Weight-Set-OIML-500g-1g-CLF2-Accrd-TR/p/30390843,"Your Price: $2,635.00"
troemner,Weight Set OIML 500g-1g CLF2 No Cert TR,30390820,500g-1g Calibration Weight Set OIML Class F2 without a Certificate,https://www.troemner.com/Calibration-Weights/Balance-Calibration-Weights/OIML-Calibration-Weight-Sets/Weight-Set-OIML-500g-1g-CLF2-No-Cert-TR/p/30390820,"Your Price: $1,730.00"
troemner,Weight Set OIML 500g-1mg CLE1 Accrd TR,30390918,500g-1mg Certified Calibration Weight Set OIML Class E1 with an Accredited Certificate,https://www.troemner.com/Calibration-Weights/Balance-Calibration-Weights/OIML-Calibration-Weight-Sets/Weight-Set-OIML-500g-1mg-CLE1-Accrd-TR/p/30390918,"Your Price: $9,445.00"
troemner,Weight Set OIML 500g-1mg CLE2 Accrd TR,80780391,500g-1mg Certified Calibration Weight Set OIML Class E2 with an Accredited Certificate,https://www.troemner.com/Calibration-Weights/Balance-Calibration-Weights/OIML-Calibration-Weight-Sets/Weight-Set-OIML-500g-1mg-CLE2-Accrd-TR/p/80780391,"Your Price: $4,405.00"
troemner,Weight Set OIML 500g-1mg CLF1 Accrd TR,80780445,500g-1mg Certified Calibration Weight Set OIML Class F1 with an Accredited Certificate,https://www.troemner.com/Calibration-Weights/Balance-Calibration-Weights/OIML-Calibration-Weight-Sets/Weight-Set-OIML-500g-1mg-CLF1-Accrd-TR/p/80780445,"Your Price: $4,205.00"
troemner,Weight Set OIML 500g-1mg CLF1 No Cert TR,80780418,500g-1mg Calibration Weight Set OIML Class F1 without a Certificate,https://www.troemner.com/Calibration-Weights/Balance-Calibration-Weights/OIML-Calibration-Weight-Sets/Weight-Set-OIML-500g-1mg-CLF1-No-Cert-TR/p/80780418,"Your Price: $2,620.00"
troemner,Weight Set OIML 500g-1mg CLF2 Accrd TR,30390844,500g-1mg Certified Calibration Weight Set OIML Class F2 with an Accredited Certificate,https://www.troemner.com/Calibration-Weights/Balance-Calibration-Weights/OIML-Calibration-Weight-Sets/Weight-Set-OIML-500g-1mg-CLF2-Accrd-TR/p/30390844,"Your Price: $3,815.00"
troemner,Weight Set OIML 500g-1mg CLF2 No Cert TR,30390821,500g-1mg Calibration Weight Set OIML Class F2 without a Certificate,https://www.troemner.com/Calibration-Weights/Balance-Calibration-Weights/OIML-Calibration-Weight-Sets/Weight-Set-OIML-500g-1mg-CLF2-No-Cert-TR/p/30390821,"Your Price: $2,230.00"
troemner,Weight Set OIML 500mg-1mg CLE1 Accrd TR,30390926,500mg-1mg Certified Calibration Weight Set OIML Class E1 with an Accredited Certificate,https://www.troemner.com/Calibration-Weights/Balance-Calibration-Weights/OIML-Calibration-Weight-Sets/Weight-Set-OIML-500mg-1mg-CLE1-Accrd-TR/p/30390926,"Your Price: $2,975.00"
troemner,Weight Set OIML 500mg-1mg CLE2 Accrd TR,80780381,500mg-1mg Certified Calibration Weight Set OIML Class E2 with an Accredited Certificate,https://www.troemner.com/Calibration-Weights/Balance-Calibration-Weights/OIML-Calibration-Weight-Sets/Weight-Set-OIML-500mg-1mg-CLE2-Accrd-TR/p/80780381,"Your Price: $1,785.00"
troemner,Weight Set OIML 500mg-1mg CLF1 Accrd TR,80780435,500mg-1mg Certified Calibration Weight Set OIML Class F1 with an Accredited Certificate,https://www.troemner.com/Calibration-Weights/Balance-Calibration-Weights/OIML-Calibration-Weight-Sets/Weight-Set-OIML-500mg-1mg-CLF1-Accrd-TR/p/80780435,"Your Price: $1,410.00"
troemner,Weight Set OIML 500mg-1mg CLF1 NoCert TR,80780408,500mg-1mg Calibration Weight Set OIML Class F1 without a Certificate,https://www.troemner.com/Calibration-Weights/Balance-Calibration-Weights/OIML-Calibration-Weight-Sets/Weight-Set-OIML-500mg-1mg-CLF1-NoCert-TR/p/80780408,Your Price: $745.00
troemner,Weight Set OIML 500mg-1mg CLF2 Accrd TR,30390852,500mg-1mg Certified Calibration Weight Set OIML Class F2 with an Accredited Certificate,https://www.troemner.com/Calibration-Weights/Balance-Calibration-Weights/OIML-Calibration-Weight-Sets/Weight-Set-OIML-500mg-1mg-CLF2-Accrd-TR/p/30390852,"Your Price: $1,405.00"
troemner,Weight Set OIML 500mg-1mg CLF2 NoCert TR,30390829,500mg-1mg Calibration Weight Set OIML Class F2 without a Certificate,https://www.troemner.com/Calibration-Weights/Balance-Calibration-Weights/OIML-Calibration-Weight-Sets/Weight-Set-OIML-500mg-1mg-CLF2-NoCert-TR/p/30390829,Your Price: $740.00
troemner,Weight Set OIML 50g-1g CLE1 Accrd TR,30390923,50g-1g Certified Calibration Weight Set OIML Class E1 with an Accredited Certificate,https://www.troemner.com/Calibration-Weights/Balance-Calibration-Weights/OIML-Calibration-Weight-Sets/Weight-Set-OIML-50g-1g-CLE1-Accrd-TR/p/30390923,"Your Price: $4,725.00"
troemner,Weight Set OIML 50g-1g CLE2 Accrd TR,80780384,50g-1g Certified Calibration Weight Set OIML Class E2 with an Accredited Certificate,https://www.troemner.com/Calibration-Weights/Balance-Calibration-Weights/OIML-Calibration-Weight-Sets/Weight-Set-OIML-50g-1g-CLE2-Accrd-TR/p/80780384,"Your Price: $1,575.00"
troemner,Weight Set OIML 50g-1g CLF1 Accrd TR,80780438,50g-1g Certified Calibration Weight Set OIML Class F1 with an Accredited Certificate,https://www.troemner.com/Calibration-Weights/Balance-Calibration-Weights/OIML-Calibration-Weight-Sets/Weight-Set-OIML-50g-1g-CLF1-Accrd-TR/p/80780438,"Your Price: $1,320.00"
troemner,Weight Set OIML 50g-1g CLF1 No Cert TR,80780411,50g-1g Calibration Weight Set OIML Class F1 without a Certificate,https://www.troemner.com/Calibration-Weights/Balance-Calibration-Weights/OIML-Calibration-Weight-Sets/Weight-Set-OIML-50g-1g-CLF1-No-Cert-TR/p/80780411,Your Price: $880.00
troemner,Weight Set OIML 50g-1g CLF2 Accrd TR,30390849,50g-1g Certified Calibration Weight Set OIML Class F2 with an Accredited Certificate,https://www.troemner.com/Calibration-Weights/Balance-Calibration-Weights/OIML-Calibration-Weight-Sets/Weight-Set-OIML-50g-1g-CLF2-Accrd-TR/p/30390849,"Your Price: $1,305.00"
troemner,Weight Set OIML 50g-1g CLF2 No Cert TR,30390826,50g-1g Calibration Weight Set OIML Class F2 without a Certificate,https://www.troemner.com/Calibration-Weights/Balance-Calibration-Weights/OIML-Calibration-Weight-Sets/Weight-Set-OIML-50g-1g-CLF2-No-Cert-TR/p/30390826,Your Price: $865.00
troemner,Weight Set OIML 50g-1mg CLE1 Accrd TR,30390924,50g-1mg Certified Calibration Weight Set OIML Class E1 with an Accredited Certificate,https://www.troemner.com/Calibration-Weights/Balance-Calibration-Weights/OIML-Calibration-Weight-Sets/Weight-Set-OIML-50g-1mg-CLE1-Accrd-TR/p/30390924,"Your Price: $6,120.00"
troemner,Weight Set OIML 50g-1mg CLE2 Accrd TR,80780383,50g-1mg Certified Calibration Weight Set OIML Class E2 with an Accredited Certificate,https://www.troemner.com/Calibration-Weights/Balance-Calibration-Weights/OIML-Calibration-Weight-Sets/Weight-Set-OIML-50g-1mg-CLE2-Accrd-TR/p/80780383,"Your Price: $2,625.00"
troemner,Weight Set OIML 50g-1mg CLF1 Accrd TR,80780437,50g-1mg Certified Calibration Weight Set OIML Class F1 with an Accredited Certificate,https://www.troemner.com/Calibration-Weights/Balance-Calibration-Weights/OIML-Calibration-Weight-Sets/Weight-Set-OIML-50g-1mg-CLF1-Accrd-TR/p/80780437,"Your Price: $2,565.00"
troemner,Weight Set OIML 50g-1mg CLF1 No Cert TR,80780410,50g-1mg Calibration Weight Set OIML Class F1 without a Certificate,https://www.troemner.com/Calibration-Weights/Balance-Calibration-Weights/OIML-Calibration-Weight-Sets/Weight-Set-OIML-50g-1mg-CLF1-No-Cert-TR/p/80780410,"Your Price: $1,445.00"
troemner,Weight Set OIML 50g-1mg CLF2 Accrd TR,30390850,50g-1mg Certified Calibration Weight Set OIML Class F2 with an Accredited Certificate,https://www.troemner.com/Calibration-Weights/Balance-Calibration-Weights/OIML-Calibration-Weight-Sets/Weight-Set-OIML-50g-1mg-CLF2-Accrd-TR/p/30390850,"Your Price: $2,300.00"
troemner,Weight Set OIML 50g-1mg CLF2 No Cert TR,30390827,50g-1mg Calibration Weight Set OIML Class F2 without a Certificate,https://www.troemner.com/Calibration-Weights/Balance-Calibration-Weights/OIML-Calibration-Weight-Sets/Weight-Set-OIML-50g-1mg-CLF2-No-Cert-TR/p/30390827,"Your Price: $1,185.00"
troemner,Weight Set OIML 50kg-1g CLE1 Accrd TR,30390904,50kg-1g Certified Calibration Weight Set OIML Class E1 with an Accredited Certificate,https://www.troemner.com/Calibration-Weights/Balance-Calibration-Weights/OIML-Calibration-Weight-Sets/Weight-Set-OIML-50kg-1g-CLE1-Accrd-TR/p/30390904,"Your Price: $55,100.00"
troemner,Weight Set OIML 50kg-1g CLE2 Accrd TR,80780407,50kg-1g Certified Calibration Weight Set OIML Class E2 with an Accredited Certificate,https://www.troemner.com/Calibration-Weights/Balance-Calibration-Weights/OIML-Calibration-Weight-Sets/Weight-Set-OIML-50kg-1g-CLE2-Accrd-TR/p/80780407,"Your Price: $31,650.00"
troemner,Weight Set OIML 50kg-1g CLF1 Accrd TR,80780461,50kg-1g Certified Calibration Weight Set OIML Class F1 with an Accredited Certificate,https://www.troemner.com/Calibration-Weights/Balance-Calibration-Weights/OIML-Calibration-Weight-Sets/Weight-Set-OIML-50kg-1g-CLF1-Accrd-TR/p/80780461,"Your Price: $22,730.00"
troemner,Weight Set OIML 50kg-1g CLF1 No Cert TR,80780433,50kg-1g Calibration Weight Set OIML Class F1 without a Certificate,https://www.troemner.com/Calibration-Weights/Balance-Calibration-Weights/OIML-Calibration-Weight-Sets/Weight-Set-OIML-50kg-1g-CLF1-No-Cert-TR/p/80780433,"Your Price: $20,280.00"
troemner,Weight Set OIML 50kg-1g CLF2 Accrd TR,30390830,50kg-1g Certified Calibration Weight Set OIML Class F2 with an Accredited Certificate,https://www.troemner.com/Calibration-Weights/Balance-Calibration-Weights/OIML-Calibration-Weight-Sets/Weight-Set-OIML-50kg-1g-CLF2-Accrd-TR/p/30390830,"Your Price: $17,840.00"
troemner,Weight Set OIML 50kg-1g CLF2 No Cert TR,30390807,50kg-1g Calibration Weight Set OIML Class F2 without a Certificate,https://www.troemner.com/Calibration-Weights/Balance-Calibration-Weights/OIML-Calibration-Weight-Sets/Weight-Set-OIML-50kg-1g-CLF2-No-Cert-TR/p/30390807,"Your Price: $17,540.00"
troemner,Weight Set OIML 50kg-1mg CLE1 Accrd TR,30390905,50kg-1mg Certified Calibration Weight Set OIML Class E1 with an Accredited Certificate,https://www.troemner.com/Calibration-Weights/Balance-Calibration-Weights/OIML-Calibration-Weight-Sets/Weight-Set-OIML-50kg-1mg-CLE1-Accrd-TR/p/30390905,"Your Price: $56,900.00"
troemner,Weight Set OIML 50kg-1mg CLE2 Accrd TR,80780406,50kg-1mg Certified Calibration Weight Set OIML Class E2 with an Accredited Certificate,https://www.troemner.com/Calibration-Weights/Balance-Calibration-Weights/OIML-Calibration-Weight-Sets/Weight-Set-OIML-50kg-1mg-CLE2-Accrd-TR/p/80780406,"Your Price: $32,170.00"
troemner,Weight Set OIML 50kg-1mg CLF1 Accrd TR,80780460,50kg-1mg Certified Calibration Weight Set OIML Class F1 with an Accredited Certificate,https://www.troemner.com/Calibration-Weights/Balance-Calibration-Weights/OIML-Calibration-Weight-Sets/Weight-Set-OIML-50kg-1mg-CLF1-Accrd-TR/p/80780460,"Your Price: $23,610.00"
troemner,Weight Set OIML 50kg-1mg CLF1 No Cert TR,80780434,50kg-1mg Calibration Weight Set OIML Class F1 without a Certificate,https://www.troemner.com/Calibration-Weights/Balance-Calibration-Weights/OIML-Calibration-Weight-Sets/Weight-Set-OIML-50kg-1mg-CLF1-No-Cert-TR/p/80780434,"Your Price: $21,010.00"
troemner,Weight Set OIML 50kg-1mg CLF2 Accrd TR,30390831,50kg-1mg Certified Calibration Weight Set OIML Class F2 with an Accredited Certificate,https://www.troemner.com/Calibration-Weights/Balance-Calibration-Weights/OIML-Calibration-Weight-Sets/Weight-Set-OIML-50kg-1mg-CLF2-Accrd-TR/p/30390831,"Your Price: $18,710.00"
troemner,Weight Set OIML 50kg-1mg CLF2 No Cert TR,30390808,50kg-1mg Calibration Weight Set OIML Class F2 without a Certificate,https://www.troemner.com/Calibration-Weights/Balance-Calibration-Weights/OIML-Calibration-Weight-Sets/Weight-Set-OIML-50kg-1mg-CLF2-No-Cert-TR/p/30390808,"Your Price: $17,910.00"
troemner,Weight Set OIML 5g-1mg CLE1 Accrd TR,30390925,5g-1mg Certified Calibration Weight Set OIML Class E1 with an Accredited Certificate,https://www.troemner.com/Calibration-Weights/Balance-Calibration-Weights/OIML-Calibration-Weight-Sets/Weight-Set-OIML-5g-1mg-CLE1-Accrd-TR/p/30390925,"Your Price: $4,725.00"
troemner,Weight Set OIML 5g-1mg CLE2 Accrd TR,80780382,5g-1mg Certified Calibration Weight Set OIML Class E2 with an Accredited Certificate,https://www.troemner.com/Calibration-Weights/Balance-Calibration-Weights/OIML-Calibration-Weight-Sets/Weight-Set-OIML-5g-1mg-CLE2-Accrd-TR/p/80780382,"Your Price: $2,055.00"
troemner,Weight Set OIML 5g-1mg CLF1 Accrd TR,80780436,5g-1mg Certified Calibration Weight Set OIML Class F1 with an Accredited Certificate,https://www.troemner.com/Calibration-Weights/Balance-Calibration-Weights/OIML-Calibration-Weight-Sets/Weight-Set-OIML-5g-1mg-CLF1-Accrd-TR/p/80780436,"Your Price: $1,455.00"
troemner,Weight Set OIML 5g-1mg CLF1 No Cert TR,80780409,5g-1mg Calibration Weight Set OIML Class F1 without a Certificate,https://www.troemner.com/Calibration-Weights/Balance-Calibration-Weights/OIML-Calibration-Weight-Sets/Weight-Set-OIML-5g-1mg-CLF1-No-Cert-TR/p/80780409,Your Price: $860.00
troemner,Weight Set OIML 5g-1mg CLF2 Accrd TR,30390851,5g-1mg Certified Calibration Weight Set OIML Class F2 with an Accredited Certificate,https://www.troemner.com/Calibration-Weights/Balance-Calibration-Weights/OIML-Calibration-Weight-Sets/Weight-Set-OIML-5g-1mg-CLF2-Accrd-TR/p/30390851,"Your Price: $1,425.00"
troemner,Weight Set OIML 5g-1mg CLF2 No Cert TR,30390828,5g-1mg Calibration Weight Set OIML Class F2 without a Certificate,https://www.troemner.com/Calibration-Weights/Balance-Calibration-Weights/OIML-Calibration-Weight-Sets/Weight-Set-OIML-5g-1mg-CLF2-No-Cert-TR/p/30390828,Your Price: $810.00
troemner,Weight Set OIML 5kg-1g CLE1 Accrd TR,30390911,5kg-1g Certified Calibration Weight Set OIML Class E1 with an Accredited Certificate,https://www.troemner.com/Calibration-Weights/Balance-Calibration-Weights/OIML-Calibration-Weight-Sets/Weight-Set-OIML-5kg-1g-CLE1-Accrd-TR/p/30390911,"Your Price: $15,590.00"
troemner,Weight Set OIML 5kg-1g CLE2 Accrd TR,80780400,5kg-1g Certified Calibration Weight Set OIML Class E2 with an Accredited Certificate,https://www.troemner.com/Calibration-Weights/Balance-Calibration-Weights/OIML-Calibration-Weight-Sets/Weight-Set-OIML-5kg-1g-CLE2-Accrd-TR/p/80780400,"Your Price: $8,045.00"
troemner,Weight Set OIML 5kg-1g CLF1 Accrd TR,80780454,5kg-1g Certified Calibration Weight Set OIML Class F1 with an Accredited Certificate,https://www.troemner.com/Calibration-Weights/Balance-Calibration-Weights/OIML-Calibration-Weight-Sets/Weight-Set-OIML-5kg-1g-CLF1-Accrd-TR/p/80780454,"Your Price: $7,420.00"
troemner,Weight Set OIML 5kg-1g CLF1 No Cert TR,80780427,5kg-1g Calibration Weight Set OIML Class F1 without a Certificate,https://www.troemner.com/Calibration-Weights/Balance-Calibration-Weights/OIML-Calibration-Weight-Sets/Weight-Set-OIML-5kg-1g-CLF1-No-Cert-TR/p/80780427,"Your Price: $5,900.00"
troemner,Weight Set OIML 5kg-1g CLF2 Accrd TR,30390837,5kg-1g Certified Calibration Weight Set OIML Class F2 with an Accredited Certificate,https://www.troemner.com/Calibration-Weights/Balance-Calibration-Weights/OIML-Calibration-Weight-Sets/Weight-Set-OIML-5kg-1g-CLF2-Accrd-TR/p/30390837,"Your Price: $6,585.00"
troemner,Weight Set OIML 5kg-1g CLF2 No Cert TR,30390814,5kg-1g Calibration Weight Set OIML Class F2 without a Certificate,https://www.troemner.com/Calibration-Weights/Balance-Calibration-Weights/OIML-Calibration-Weight-Sets/Weight-Set-OIML-5kg-1g-CLF2-No-Cert-TR/p/30390814,"Your Price: $5,060.00"
troemner,Weight Set OIML 5kg-1kg CLE1 Accrd TR,30390910,5kg-1kg Certified Calibration Weight Set OIML Class E1 with an Accredited Certificate,https://www.troemner.com/Calibration-Weights/Balance-Calibration-Weights/OIML-Calibration-Weight-Sets/Weight-Set-OIML-5kg-1kg-CLE1-Accrd-TR/p/30390910,"Your Price: $9,795.00"
troemner,Weight Set OIML 5kg-1kg CLE2 Accrd TR,80780401,5kg-1kg Certified Calibration Weight Set OIML Class E2 with an Accredited Certificate,https://www.troemner.com/Calibration-Weights/Balance-Calibration-Weights/OIML-Calibration-Weight-Sets/Weight-Set-OIML-5kg-1kg-CLE2-Accrd-TR/p/80780401,"Your Price: $5,405.00"
troemner,Weight Set OIML 5kg-1kg CLF1 Accrd TR,80780455,5kg-1kg Certified Calibration Weight Set OIML Class F1 with an Accredited Certificate,https://www.troemner.com/Calibration-Weights/Balance-Calibration-Weights/OIML-Calibration-Weight-Sets/Weight-Set-OIML-5kg-1kg-CLF1-Accrd-TR/p/80780455,"Your Price: $5,115.00"
troemner,Weight Set OIML 5kg-1kg CLF1 No Cert TR,80780428,5kg-1kg Calibration Weight Set OIML Class F1 without a Certificate,https://www.troemner.com/Calibration-Weights/Balance-Calibration-Weights/OIML-Calibration-Weight-Sets/Weight-Set-OIML-5kg-1kg-CLF1-No-Cert-TR/p/80780428,"Your Price: $4,700.00"
troemner,Weight Set OIML 5kg-1kg CLF2 Accrd TR,30390836,5kg-1kg Certified Calibration Weight Set OIML Class F2 with an Accredited Certificate,https://www.troemner.com/Calibration-Weights/Balance-Calibration-Weights/OIML-Calibration-Weight-Sets/Weight-Set-OIML-5kg-1kg-CLF2-Accrd-TR/p/30390836,"Your Price: $4,830.00"
troemner,Weight Set OIML 5kg-1kg CLF2 No Cert TR,30390813,5kg-1kg Calibration Weight Set OIML Class F2 without a Certificate,https://www.troemner.com/Calibration-Weights/Balance-Calibration-Weights/OIML-Calibration-Weight-Sets/Weight-Set-OIML-5kg-1kg-CLF2-No-Cert-TR/p/30390813,"Your Price: $4,285.00"
troemner,Weight Set OIML 5kg-1mg CLE1 Accrd TR,30390912,5kg-1mg Certified Calibration Weight Set OIML Class E1 with an Accredited Certificate,https://www.troemner.com/Calibration-Weights/Balance-Calibration-Weights/OIML-Calibration-Weight-Sets/Weight-Set-OIML-5kg-1mg-CLE1-Accrd-TR/p/30390912,"Your Price: $16,790.00"
troemner,Weight Set OIML 5kg-1mg CLE2 Accrd TR,80780399,5kg-1mg Certified Calibration Weight Set OIML Class E2 with an Accredited Certificate,https://www.troemner.com/Calibration-Weights/Balance-Calibration-Weights/OIML-Calibration-Weight-Sets/Weight-Set-OIML-5kg-1mg-CLE2-Accrd-TR/p/80780399,"Your Price: $9,270.00"
troemner,Weight Set OIML 5kg-1mg CLF1 Accrd TR,80780453,5kg-1mg Certified Calibration Weight Set OIML Class F1 with an Accredited Certificate,https://www.troemner.com/Calibration-Weights/Balance-Calibration-Weights/OIML-Calibration-Weight-Sets/Weight-Set-OIML-5kg-1mg-CLF1-Accrd-TR/p/80780453,"Your Price: $8,245.00"
troemner,Weight Set OIML 5kg-1mg CLF1 No Cert TR,80780426,5kg-1mg Calibration Weight Set OIML Class F1 without a Certificate,https://www.troemner.com/Calibration-Weights/Balance-Calibration-Weights/OIML-Calibration-Weight-Sets/Weight-Set-OIML-5kg-1mg-CLF1-No-Cert-TR/p/80780426,"Your Price: $6,265.00"
troemner,Weight Set OIML 5kg-1mg CLF2 Accrd TR,30390838,5kg-1mg Certified Calibration Weight Set OIML Class F2 with an Accredited Certificate,https://www.troemner.com/Calibration-Weights/Balance-Calibration-Weights/OIML-Calibration-Weight-Sets/Weight-Set-OIML-5kg-1mg-CLF2-Accrd-TR/p/30390838,"Your Price: $7,715.00"
troemner,Weight Set OIML 5kg-1mg CLF2 No Cert TR,30390815,5kg-1mg Calibration Weight Set OIML Class F2 without a Certificate,https://www.troemner.com/Calibration-Weights/Balance-Calibration-Weights/OIML-Calibration-Weight-Sets/Weight-Set-OIML-5kg-1mg-CLF2-No-Cert-TR/p/30390815,"Your Price: $5,735.00"
troemner,Weight Set OIML(2)200g-1g CLF1 NoCert TR,80780415,(2)200g-1g Calibration Weight Set OIML Class F1 without a Certificate,https://www.troemner.com/Calibration-Weights/Balance-Calibration-Weights/OIML-Calibration-Weight-Sets/Weight-Set-OIML%282%29200g-1g-CLF1-NoCert-TR/p/80780415,"Your Price: $1,490.00"
troemner,Weight Set OIML(2)200g-1g CLF2 NoCert TR,30390031,(2)200g-1g Calibration Weight Set OIML Class F2 without a Certificate,https://www.troemner.com/Calibration-Weights/Balance-Calibration-Weights/OIML-Calibration-Weight-Sets/Weight-Set-OIML%282%29200g-1g-CLF2-NoCert-TR/p/30390031,"Your Price: $1,415.00"
troemner,Weight Set OIML(2)200g-1mg CLF1 NoCertTR,80780414,(2)200g-1mg Calibration Weight Set OIML Class F1 without a Certificate,https://www.troemner.com/Calibration-Weights/Balance-Calibration-Weights/OIML-Calibration-Weight-Sets/Weight-Set-OIML%282%29200g-1mg-CLF1-NoCertTR/p/80780414,"Your Price: $2,215.00"
troemner,Weight Set OIML(2)200g-1mg CLF2 NoCertTR,30390032,(2)200g-1mg Calibration Weight Set OIML Class F2 without a Certificate,https://www.troemner.com/Calibration-Weights/Balance-Calibration-Weights/OIML-Calibration-Weight-Sets/Weight-Set-OIML%282%29200g-1mg-CLF2-NoCertTR/p/30390032,"Your Price: $2,160.00"
troemner,Weight Set OIML(2)2kg-1mg CLF1 NoCert TR,80780422,(2)2kg-1mg Calibration Weight Set OIML Class F1 without a Certificate,https://www.troemner.com/Calibration-Weights/Balance-Calibration-Weights/OIML-Calibration-Weight-Sets/Weight-Set-OIML%282%292kg-1mg-CLF1-NoCert-TR/p/80780422,"Your Price: $5,295.00"
troemner,Weight Set OIML(2)2kg-1mg CLF2 NoCert TR,30390030,(2)2kg-1mg Calibration Weight Set OIML Class F2 without a Certificate,https://www.troemner.com/Calibration-Weights/Balance-Calibration-Weights/OIML-Calibration-Weight-Sets/Weight-Set-OIML%282%292kg-1mg-CLF2-NoCert-TR/p/30390030,"Your Price: $4,460.00"
